order_id,customer_id,region,order_date,amount,status
1001,C001,Andina,2026-01-03,120.50,paid
1002,C002,Caribe,2026-01-04,85.00,paid
1003,C003,Pacifico,2026-01-04,240.00,pending
1004,C004,Andina,2026-01-05,49.99,cancelled
1005,C005,Amazonia,2026-01-06,310.25,paid
1006,C006,Caribe,2026-01-07,77.40,paid
1007,C007,Pacifico,2026-01-07,150.00,paid
1008,C008,Andina,2026-01-08,62.10,pending
1009,C009,Amazonia,2026-01-09,95.75,paid
1010,C010,Caribe,2026-01-10,410.00,paid
1011,C011,Pacifico,2026-01-11,33.30,cancelled
1012,C012,Andina,2026-01-11,210.80,paid
1013,C013,Amazonia,2026-01-12,58.00,pending
1014,C014,Caribe,2026-01-13,175.50,paid
1015,C015,Pacifico,2026-01-14,89.90,paid
1016,C016,Andina,2026-01-15,520.00,paid
1017,C017,Amazonia,2026-01-16,44.45,cancelled
1018,C018,Caribe,2026-01-17,130.00,pending
1019,C019,Pacifico,2026-01-18,265.70,paid
1020,C020,Andina,2026-01-19,99.99,paid
1021,C021,Amazonia,2026-01-20,71.25,paid
1022,C022,Caribe,2026-01-21,188.60,pending
1023,C023,Pacifico,2026-01-22,45.00,paid
1024,C024,Andina,2026-01-23,302.10,paid
